Country,total_population,active_personnel,reserve_personnel,paramilitary,total_military_aircraft,fighter_aircraft,attack_aircraft,transport_aircraft,trainer_aircraft,special_mission_aircraft,tanker_aircraft,total_military_helicopters,attack_helicopters,tanks,armored_fighting_vehicles,self_propelled_artillery,towed_artillery,rocket_projectors,total_naval_fleet,aircraft_carriers,helicopter_carriers,submarines,destroyers,frigates,corvettes,coastal_patrol_craft,mine_warfare_craft,defense_budget_usd,purchasing_power_parity_usd,foreign_exchange_and_gold_reserves_usd,total_serviceable_airports,major_ports_and_terminals,railway_coverage_km,roadway_coverage_km,total_air_assets,total_land_assets,total_naval_assets,total_assets,assets_per_capita,budget_to_gdp_ratio,power_score,computed_rank,power_index_rank_gap,region,alliance
United States,341963408,1328000,799500,0,13043,1790,889,918,2647,647,605,5843,1002,4640,391963,671,1212,641,440,11,9,70,81,0,26,0,8,895000000000,24662000000000,773426000000,15873,666,293564,6586610,18886,399127,440,418453,1223.6777099846893,0.03629064958235342,179000607626.5,1.0,0.0,North America,NATO
Russia,140820810,1320000,2000000,250000,4292,833,689,456,611,141,19,1651,557,5750,131527,5168,8505,3005,419,1,0,63,10,12,83,123,47,126000000000,5816000000000,597217000000,904,67,85494,1283387,5943,153955,419,160317,1138.4467963222198,0.021664374140302613,25200476158.5,3.0,2.0,Europe/Asia,Non-NATO
China,1415043270,2035000,510000,625000,3309,1212,371,289,402,112,10,913,281,6800,144017,3490,1000,2750,754,3,4,61,50,47,72,150,36,266850000000,31227000000000,3450000000000,531,66,150000,5200000,4222,158057,754,163033,115.21414465297588,0.008545489480257469,53370692016.5,2.0,1.0,Asia,Non-NATO
India,1409128296,1455550,1155000,2527000,2229,513,130,270,351,74,6,899,80,4201,148594,100,3975,264,293,2,0,18,13,14,18,135,0,75000000000,13104000000000,627793000000,311,56,65554,6371847,3128,157134,293,160555,113.93923495522512,0.005723443223443223,15000516942.5,4.0,3.0,Asia,Non-NATO
South Korea,52081799,600000,3100000,120000,1592,315,98,41,318,36,4,807,111,2236,58880,3270,4400,426,227,0,2,22,13,17,5,35,14,46300000000,2615000000000,420930000000,89,15,3979,100428,2399,69212,227,71838,1379.3302339652284,0.017705544933078392,9260215919.0,14.0,13.0,Asia,Non-NATO
United Kingdom,68459055,184860,924000,0,631,113,31,29,203,28,9,266,37,227,38200,71,126,29,109,2,0,9,6,8,0,26,7,71500540000,3700000000000,177915000000,1043,185,16390,394428,897,38653,109,39659,579.3097786698926,0.01932447027027027,14300183287.5,6.0,5.0,Europe,NATO
France,68374591,200000,26000,150000,976,226,0,119,141,44,16,448,68,215,110932,96,0,9,129,1,3,9,11,11,0,20,17,55000000000,3764000000000,240792000000,689,66,27860,1053215,1424,111252,129,112805,1649.808771799454,0.01461211477151966,11000116402.5,9.0,8.0,Europe,NATO
Japan,123201945,247150,56000,25000,1443,217,38,55,401,141,10,596,119,521,31964,149,480,54,159,0,4,24,42,6,0,6,22,57000000000,5761000000000,1295000000000,279,163,27311,1218772,2039,33168,159,35366,287.05715644343115,0.0098941156049297,11400091828.0,7.0,6.0,Asia,Non-NATO
Turkiye,84119531,355200,378700,150000,1083,201,0,84,287,28,7,508,111,2238,61173,1038,1707,296,182,0,1,13,0,17,9,41,11,47000000000,2936000000000,140858000000,115,54,11497,67333,1591,66452,182,68225,811.0482689210429,0.01600817438692098,9400140672.5,13.0,12.0,Other,Non-NATO
Italy,60964931,165500,18500,105000,729,89,67,30,162,23,8,392,37,200,73480,64,108,21,196,2,0,8,3,10,0,19,10,30890000000,3097000000000,247396000000,636,123,18475,487700,1121,73873,196,75190,1233.3319954056865,0.00997416855020988,6178087245.0,16.0,15.0,Other,Non-NATO
Brazil,220051512,360000,340000,200000,513,43,38,109,133,25,0,191,0,294,22464,109,412,38,64,0,1,4,0,6,2,23,3,26157300000,4016000000000,355021000000,4919,45,29850,2000000,704,23317,64,24085,109.45164512207486,0.006513271912350598,5231580042.5,19.0,18.0,Other,Non-NATO
Pakistan,252363571,654000,550000,500000,1399,328,90,64,565,27,4,373,57,2627,17516,662,2629,600,121,0,0,8,0,9,9,69,3,7640000000,1347000000000,13730000000,116,3,11881,264175,1772,24034,121,25927,102.73669807913757,0.005671863400148478,1528209163.5,38.0,37.0,Other,Non-NATO
Indonesia,281562465,400000,400000,250000,459,41,34,70,112,17,1,214,15,331,20440,153,396,63,331,0,0,4,0,7,25,211,12,10600000000,3906000000000,146359000000,513,123,8159,496607,673,21383,331,22387,79.50988779701159,0.002713773681515617,2120131193.5,29.0,28.0,Other,Non-NATO
Germany,84119100,181600,34000,0,584,129,63,50,35,26,3,309,54,296,83260,134,0,33,61,0,0,6,0,11,5,0,12,50000000000,5230000000000,322700000000,838,35,39379,830000,893,83723,61,84677,1006.6322630651065,0.009560229445506692,10000096818.5,11.0,10.0,Europe,NATO
Israel,9402617,170000,465000,35000,611,240,38,13,159,19,14,147,48,1300,35985,352,171,183,62,0,0,5,0,0,7,46,0,30500000000,471030000000,204661000000,37,5,1497,20391,758,37991,62,38811,4127.680623383894,0.06475171432817442,6100070405.5,17.0,16.0,Other,Non-NATO
Iran,88386937,610000,350000,220000,551,188,21,87,103,10,6,128,13,1713,65825,392,2070,1517,107,0,0,25,0,7,3,21,1,15450000000,1440000000000,120600000000,173,18,8484,223485,679,71517,107,72303,818.0281210559428,0.010729166666666666,3090219151.5,25.0,24.0,Other,Non-NATO
Spain,47280433,133282,15150,78470,461,137,12,51,140,8,0,153,17,317,17626,95,287,0,152,1,0,2,0,11,0,22,6,23397000000,2242000000000,103089000000,363,52,15489,683175,614,18325,152,19091,403.7822580854959,0.010435771632471008,4679449530.1,22.0,21.0,Other,Non-NATO
Australia,26768598,57350,32050,0,327,24,62,38,98,30,6,69,22,59,15648,0,48,0,44,0,2,6,3,7,0,10,3,55700000000,1584000000000,61703000000,2180,66,36064,873573,396,15755,44,16195,604.9999331306033,0.03516414141414141,11140025302.5,8.0,7.0,Other,Non-NATO
Egypt,111247248,440000,480000,300000,1093,238,90,61,345,11,0,348,100,3620,41012,1056,962,528,150,0,2,8,0,13,7,62,17,5879500000,1912000000000,33070000000,73,31,5085,65050,1441,47178,150,48769,438.38387804433603,0.00307505230125523,1176056384.5,46.0,45.0,Other,Non-NATO
Ukraine,35661826,900000,1200000,100000,324,70,36,24,73,3,0,136,39,1114,18920,658,615,279,89,0,0,0,0,0,0,33,3,53700000000,559981000000,40510000000,148,26,21733,169694,460,21586,89,22135,620.691716683268,0.09589611076090082,10740281067.5,10.0,9.0,Other,Non-NATO
Poland,38746310,202100,350000,50000,479,59,44,49,105,11,0,216,29,614,23138,677,0,196,62,0,0,1,0,2,2,3,26,48700000000,1616000000000,193783000000,288,10,19461,420000,695,24625,62,25382,655.0817355252668,0.030136138613861385,9740073321.0,12.0,11.0,Other,Non-NATO
Taiwan,23595274,215000,2310000,55000,761,285,0,19,232,18,0,236,91,888,19921,488,1360,234,97,0,0,4,4,22,7,37,14,19740000000,1257300000000,492635000000,53,8,1613,43206,997,22891,97,23985,1016.5171211828268,0.015700310188499166,3948076492.5,23.0,22.0,Other,Non-NATO
Vietnam,105758975,600000,5000000,250000,246,41,32,9,60,3,0,101,0,1374,11912,40,535,474,110,0,0,9,0,9,16,35,8,8594000000,1354000000000,97955500000,42,16,2600,195468,347,14335,110,14792,139.86519820185472,0.00634711964549483,1718987396.0,35.0,34.0,Other,Non-NATO
Saudi Arabia,36544431,257000,0,150000,917,283,81,49,202,16,22,264,34,840,19040,332,467,321,32,0,0,0,0,7,9,9,3,74760000000,1831000000000,457949000000,86,16,5410,221372,1181,21000,32,22213,607.8354318883772,0.04083014746040415,14952088206.5,5.0,4.0,Other,Non-NATO
Thailand,69920998,360850,200000,25000,493,72,20,54,135,26,0,258,7,635,16935,50,589,26,293,0,1,0,0,7,6,49,5,5887883500,1516000000000,224470000000,108,21,4127,180053,751,18235,293,19279,275.72546947913986,0.003883828166226913,1177694594.5,45.0,44.0,Other,Non-NATO
Algeria,47022473,325000,135000,150000,608,102,42,63,87,10,5,299,74,1485,26000,224,483,266,110,0,0,6,0,8,8,75,2,25000000000,699947000000,81217000000,85,17,4020,104000,907,28458,110,29475,626.8279424606188,0.03571699000067148,5000112237.5,21.0,20.0,Other,Non-NATO
Sweden,10589835,24400,32900,25000,169,71,0,6,33,5,1,53,0,110,6795,26,0,0,308,0,0,4,0,0,7,179,8,13000000000,676353000000,60863000000,203,92,10910,573134,222,6931,308,7461,704.5435552112002,0.019220732369043977,2600011050.5,28.0,27.0,Other,Non-NATO
Canada,38794813,68000,27000,5500,351,66,0,28,95,33,6,145,0,74,21704,0,0,0,73,0,0,4,0,12,0,24,0,41000000000,2238000000000,117551000000,1425,284,4942,1042300,496,21778,73,22347,576.0306152268346,0.01831992850759607,8200031573.5,15.0,14.0,North America,NATO
Singapore,6028459,51000,252500,12000,230,100,0,9,36,9,11,70,18,170,8998,48,89,24,50,0,0,6,0,6,6,12,4,15000000000,754758000000,359835000000,9,5,0,3500,300,9329,50,9679,1605.551269404005,0.01987391985245602,3000020139.5,26.0,25.0,Other,Non-NATO
Greece,10461091,142700,221350,55000,558,178,0,15,81,8,0,293,29,1344,61888,589,698,152,192,0,0,10,0,13,0,39,7,6500000000,375780000000,13608000000,81,57,2345,117000,851,64671,192,65714,6281.753977668294,0.01729735483527596,1300075667.0,44.0,43.0,Other,Non-NATO
Nigeria,236747130,230000,0,50000,163,14,24,23,28,11,0,66,15,330,8962,40,339,37,133,0,0,0,0,1,0,109,2,3160000000,1275000000000,41349000000,47,28,3798,195000,229,9708,133,10070,42.534834529989865,0.0024784313725490195,632074035.0,59.0,58.0,Other,Non-NATO
Mexico,130739927,412000,98655,120000,433,3,33,41,176,25,0,178,0,0,19658,20,70,0,167,0,0,0,5,1,3,140,0,7600000000,2873000000000,214317000000,1485,35,23389,704884,611,19748,167,20526,156.99871088347786,0.002645318482422555,1520133863.0,39.0,38.0,Other,Non-NATO
Argentina,46994384,108000,0,20000,239,23,11,52,71,13,2,94,0,342,21724,55,172,26,44,0,0,2,3,0,6,13,0,928897000,1235000000000,23081000000,756,37,17866,281290,333,22319,44,22696,482.95132456678226,0.0007521433198380567,185823148.0,89.0,88.0,Other,Non-NATO
North Korea,26298666,1320000,560000,100000,861,368,114,1,173,0,0,205,20,4344,18288,1300,700,1500,207,0,0,13,0,2,4,155,1,4736000000,72000000000,5500000000,83,10,7435,25554,1066,26132,207,27405,1042.068065353581,0.06577777777777778,947609702.5,51.0,50.0,Other,Non-NATO
Bangladesh,168697184,163000,0,6800000,214,42,0,17,86,4,0,65,0,320,11584,56,546,110,118,0,0,2,0,7,6,61,5,4374000000,1413000000000,21860000000,17,2,2460,369105,279,12616,118,13013,77.13821707895255,0.0030955414012738855,874855406.5,56.0,55.0,Other,Non-NATO
Netherlands,17772378,41380,6765,5000,120,32,0,4,21,0,0,63,12,18,2755,46,0,2,64,0,0,3,0,6,0,4,4,27000000000,1240000000000,69830000000,45,18,3055,139124,183,2821,64,3068,172.62743342505993,0.021774193548387097,5400013948.0,18.0,17.0,Other,Non-NATO
Myanmar,57527139,150000,20000,55000,317,58,26,30,119,5,0,83,9,445,5980,95,210,180,232,0,0,3,0,6,3,146,2,2948000000,290507000000,8590400000,73,7,5031,157000,400,6910,232,7542,131.10333889540377,0.010147776129318742,589648771.0,62.0,61.0,Other,Non-NATO
Norway,5509733,23250,0,40000,97,0,32,4,23,5,0,33,0,44,6552,42,0,0,43,0,0,6,0,4,6,18,5,9710000000,499528000000,80459000000,145,141,3848,94902,130,6638,43,6811,1236.1760542661505,0.01943834980221329,1942010380.5,32.0,31.0,Other,Non-NATO
Portugal,10639726,24000,211700,24700,115,28,0,19,23,14,3,31,0,34,10828,24,115,0,194,0,0,2,0,5,2,20,0,4627000000,529901000000,53710000000,136,18,3622,136635,146,11001,194,11341,1065.910907856086,0.008731819717267943,925412870.5,52.0,51.0,Other,Non-NATO
South Africa,60442647,71235,29350,50000,182,2,0,12,81,0,0,87,10,252,18692,49,134,101,49,0,0,3,0,4,0,33,2,2266800000,862981000000,62492000000,575,8,20986,750000,269,19228,49,19546,323.3809399512235,0.0026267090468967452,453391143.5,69.0,68.0,Other,Non-NATO
Philippines,118277063,150000,1200000,35000,202,0,25,26,23,8,0,122,2,10,11878,12,294,0,113,0,0,0,0,2,1,58,0,4380000000,1138000000000,103742000000,246,70,77,216387,324,12194,113,12631,106.79162704606556,0.0038488576449912126,876051315.5,55.0,54.0,Other,Non-NATO
Malaysia,34564810,113000,51600,100000,135,26,12,16,31,6,4,45,0,48,13506,0,196,36,100,0,0,2,0,2,6,71,4,4800000000,1152000000000,113438000000,102,35,1851,144403,180,13786,100,14066,406.94567683143634,0.004166666666666667,960040933.0,50.0,49.0,Other,Non-NATO
Iraq,42083436,193000,0,100000,391,26,36,15,139,17,0,197,39,1025,37288,434,610,572,68,0,0,0,0,0,2,26,0,7923000000,572939000000,112233000000,71,6,2272,59623,588,39929,68,40585,964.3936868653025,0.013828697295872685,1584678192.5,37.0,36.0,Other,Non-NATO
Switzerland,8860574,101584,49715,5000,146,43,0,16,44,3,0,40,0,205,6996,133,0,0,0,0,0,0,0,0,0,0,0,25039000000,733779000000,863892000000,62,0,5296,71557,186,7334,0,7520,848.7034812868782,0.03412335321670421,5007834235.2,20.0,19.0,Other,Non-NATO
Denmark,5973136,20000,12000,51000,117,31,4,4,41,3,0,34,0,44,3856,19,0,8,50,0,0,0,0,9,0,9,6,7225466250,428385000000,109371000000,99,69,2682,74558,151,3927,50,4128,691.0942593639254,0.016866758289856086,1445101314.0,40.0,39.0,Other,Non-NATO
Colombia,49588357,293200,35000,150000,436,16,24,86,72,23,1,257,0,0,3460,6,110,0,233,0,0,4,0,7,2,217,0,10541500000,978024000000,59041000000,662,14,2141,205379,693,3576,233,4502,90.78744028562994,0.01077836535708735,2108390211.0,30.0,29.0,Other,Non-NATO
Chile,18664652,80000,40000,50000,277,45,0,32,92,21,5,87,0,386,8832,48,249,8,130,0,0,4,0,8,0,40,0,5032500000,579201000000,46377000000,374,39,7282,77801,364,9523,130,10017,536.682923421235,0.008688693562338463,1006529008.5,48.0,47.0,Other,Non-NATO
Finland,5626414,24000,870000,53800,163,54,0,11,77,1,0,27,0,200,11704,107,667,76,264,0,0,0,0,0,0,8,18,6779661000,321126000000,16929000000,98,37,5918,454000,190,12754,264,13208,2347.498779862271,0.021112152239307937,1355946004.0,42.0,41.0,Other,Non-NATO
Peru,32600249,120000,385000,60000,256,15,22,38,72,12,0,111,16,240,6560,12,290,49,71,0,0,4,0,7,8,13,0,3420000000,517644000000,71394000000,166,20,1855,18699,367,7151,71,7589,232.78963298715908,0.006606857222338132,684039794.5,58.0,57.0,Other,Non-NATO
Venezuela,31250306,109000,8000,220000,229,30,0,49,75,3,1,88,10,172,8802,48,100,36,34,0,0,1,0,1,0,25,0,4093120000,295974800000,10095500000,502,31,447,96189,317,9158,34,9509,304.28502044107984,0.013829285466195095,818661454.5,57.0,56.0,Other,Non-NATO
Romania,18148155,81300,55000,15000,140,21,0,14,44,2,0,65,0,328,10774,0,720,243,20,0,0,0,0,3,7,3,5,9700000000,772107000000,73000000000,82,11,10628,84185,205,12065,20,12290,677.2038259536577,0.012563025591012645,1940030535.0,33.0,32.0,Other,Non-NATO
Ethiopia,118550298,162000,0,0,103,25,0,8,34,0,0,33,7,338,7256,35,309,40,0,0,0,0,0,0,0,0,0,2097575000,354604000000,3131288000,57,0,659,120171,136,7978,0,8114,68.44352259662814,0.005915260403153941,419567657.0,71.0,70.0,Other,Non-NATO
Czechia,10837890,28000,4200,0,99,12,16,10,17,2,0,42,4,43,6340,50,0,16,0,0,0,0,0,0,0,0,0,6750000000,519007000000,148379000000,243,0,9548,55744,141,6449,0,6590,608.0519363086357,0.013005604934037499,1350011695.0,43.0,42.0,Other,Non-NATO
United Arab Emirates,10032213,65000,130000,12000,551,99,16,37,147,27,4,247,30,354,8707,165,99,49,181,0,0,0,0,0,11,34,2,2212360382,719733000000,189491000000,42,20,0,4080,798,9374,181,10353,1031.9756966882583,0.0030738626435080785,442496752.90000004,70.0,69.0,Other,Non-NATO
Hungary,9855745,41600,20000,15000,69,12,0,3,12,0,0,44,8,209,7797,24,295,0,0,0,0,0,0,0,0,0,0,4576000000,388906000000,45719000000,109,0,7687,203601,113,8325,0,8438,856.1503975600018,0.01176633942392249,915216699.0,53.0,52.0,Other,Non-NATO
Angola,37202061,107000,0,10000,298,71,12,31,66,2,0,116,15,309,5500,25,575,113,31,0,0,0,0,0,0,29,0,1101360000,265868000000,13942000000,106,21,2761,26000,414,6522,31,6967,187.2745706212352,0.004142506807889629,220307583.5,85.0,84.0,Other,Non-NATO
Kazakhstan,20260006,110000,135000,55000,198,63,25,19,26,0,0,65,12,350,7736,126,194,287,26,0,0,0,0,0,0,23,2,2048700000,705520000000,35965000000,132,0,16636,96167,263,8693,26,8982,443.33649259531313,0.0029038156253543487,409777491.0,72.0,71.0,Other,Non-NATO
Uzbekistan,36520593,48000,0,20000,192,58,13,13,7,0,0,101,34,340,2970,147,236,108,0,0,0,0,0,0,0,0,0,2803500000,319174000000,34558000000,74,0,4642,86496,293,3801,0,4094,112.1011370215155,0.008783610193812779,560716447.0,63.0,62.0,Other,Non-NATO
Morocco,37387585,195800,150000,50000,260,83,0,31,75,4,2,78,0,903,7877,396,153,129,111,0,0,0,0,6,1,105,0,13400000000,337480000000,36328000000,49,12,2067,57300,338,9458,111,9907,264.9810090702569,0.039706056655209196,2680063693.5,27.0,26.0,Other,Non-NATO
Azerbaijan,10650239,126400,300000,15000,154,12,18,3,35,0,0,86,16,497,7642,198,650,268,38,0,0,4,0,0,0,17,4,5000000000,215896000000,13749000000,32,0,2944,24981,240,9255,38,9533,895.0972837323181,0.023159298921703042,1000042686.5,49.0,48.0,Other,Non-NATO
Belgium,11977634,25000,6400,0,108,43,0,7,38,0,0,20,0,0,4606,0,0,0,9,0,0,0,0,2,0,2,5,10200000000,751592000000,40813000000,49,7,3602,118414,128,4606,9,4743,395.98805573788616,0.013571192881244079,2040009871.5,31.0,30.0,Other,Non-NATO
Bulgaria,6782659,37000,3000,0,65,10,5,6,21,0,0,27,4,90,4914,48,24,24,36,0,0,0,0,4,3,0,10,1373232000,214061000000,46334000000,111,2,4029,19512,92,5100,36,5228,770.789155108638,0.006415143346989877,274660114.0,80.0,79.0,Other,Non-NATO
Serbia,6652212,25000,2000,600000,110,11,17,3,33,0,0,46,4,262,3683,90,150,98,20,0,0,0,0,0,0,7,5,2287461000,162213000000,27569000000,43,0,3333,44248,156,4283,20,4459,670.3033517272149,0.014101588651957611,457501929.5,68.0,67.0,Other,Non-NATO
Syria,23865423,170000,50000,50000,207,104,9,3,15,1,0,77,14,365,11148,90,641,204,27,0,0,0,0,0,0,16,4,291850000,55935900000,341962500,39,3,2052,69873,284,12448,27,12759,534.6228306952698,0.005217579407857923,58427379.5,124.0,123.0,Other,Non-NATO
Ecuador,18309984,41250,118000,1500,102,0,0,20,34,8,0,46,0,54,5204,5,106,24,30,0,0,2,0,2,6,5,0,2376000000,260213000000,4442000000,310,6,965,43950,148,5393,30,5571,304.2602331056106,0.009130981157743849,475215160.5,67.0,66.0,Other,Non-NATO
Democratic Republic of the Congo,115403027,166580,31000,10000,46,1,6,6,1,0,0,32,8,105,916,8,60,25,16,0,0,0,0,0,0,16,0,796560000,154012000000,3898125000,272,3,4007,152373,78,1114,16,1208,10.467663036256406,0.00517206451445342,159362578.0,95.0,94.0,Other,Non-NATO
Cuba,10966038,45500,40000,1145000,31,11,0,4,3,0,0,13,4,113,6864,60,130,15,19,0,0,0,0,1,1,6,4,4508784000,141400000000,10442000000,123,34,8367,60000,44,7182,19,7245,660.6761712844693,0.031886732673267325,901774072.5,54.0,53.0,Other,Non-NATO
Austria,8967982,16000,125600,0,85,15,0,11,18,0,0,41,0,56,7322,30,0,0,0,0,0,0,0,0,0,0,0,5475750000,590354000000,31212000000,61,0,6123,137039,126,7408,0,7534,840.0998128675993,0.00927536698319991,1095158567.0,47.0,46.0,Other,Non-NATO
Sri Lanka,21982608,346000,90000,0,85,5,0,14,8,3,0,55,9,44,3190,0,96,28,270,0,0,0,0,5,0,59,0,1265400000,287132000000,3450700000,18,6,1562,114093,140,3358,270,3768,171.40823327241245,0.004407032305699121,253185684.0,82.0,81.0,Other,Non-NATO
Belarus,9501451,63000,145000,55000,185,36,50,4,27,0,0,68,29,507,6916,357,215,206,0,0,0,0,0,0,0,0,0,1077900000,254407000000,8118000000,46,0,5528,86600,253,8201,0,8454,889.7588378869712,0.0042369117201963786,215603127.0,87.0,86.0,Other,Non-NATO
Slovakia,5563649,19500,0,0,41,2,0,7,9,1,0,22,0,45,3074,35,9,25,0,0,0,0,0,0,0,0,0,2656000000,213053000000,11288000000,114,0,3627,56926,63,3188,0,3251,584.3287382076044,0.012466381604577265,531207475.5,64.0,63.0,Other,Non-NATO
Qatar,2552088,66550,15000,5500,251,102,6,12,51,0,0,80,24,99,5024,46,12,16,115,0,0,0,0,0,4,105,0,9432000000,304973000000,51539000000,8,6,0,7039,331,5197,115,5643,2211.1306506672186,0.03092732799296987,1886422786.5,34.0,33.0,Other,Non-NATO
Sudan,50467278,92000,85000,17500,165,37,27,13,15,0,0,64,35,224,2900,100,287,192,6,0,0,0,0,0,0,6,0,342000000,136039000000,206763700,41,4,7251,31000,229,3703,6,3938,78.03075886121697,0.002513984960195238,68429569.0,118.0,117.0,Other,Non-NATO
Croatia,4150116,14325,20100,2000,67,10,0,0,28,0,0,37,0,45,2848,25,42,42,30,0,0,0,0,0,0,10,1,1176000000,159305000000,3176000000,40,16,2617,26958,104,3002,30,3136,755.6415290560553,0.007382065848529551,235205865.5,83.0,82.0,Other,Non-NATO
Jordan,11174024,100500,65000,35000,274,44,6,13,66,13,0,155,44,1458,16624,358,80,56,27,0,0,0,0,0,0,27,0,2500000000,106806000000,15715600000,17,1,509,7203,429,18576,27,19032,1703.2360052206798,0.02340692470460461,500039666.0,65.0,64.0,Other,Non-NATO
Libya,7361263,32000,0,100000,143,10,1,6,38,0,0,16,4,43,1816,15,28,25,5,0,0,0,0,0,1,1,1,3060000000,121951000000,92427000000,66,14,2000,37000,159,1927,5,2091,284.05451618832257,0.0250920451656813,612010645.5,60.0,59.0,Other,Non-NATO
Turkmenistan,5744151,36500,0,3500,91,24,27,5,9,0,0,26,10,654,5016,73,450,164,16,0,0,0,0,0,0,16,0,1078020000,94790000000,23415400000,23,0,5113,58592,117,6357,16,6490,1129.8449501066389,0.011372718641206878,215618195.0,86.0,85.0,Other,Non-NATO
Albania,3107100,6600,2000,500,19,0,0,0,0,0,0,19,0,46,1796,0,50,135,19,0,0,0,0,0,0,19,0,558862420,49592000000,6455000000,3,3,424,3945,38,2027,19,2084,670.7218950146439,0.011269205113728021,111775506.0,101.0,100.0,Other,Non-NATO
Kuwait,3138355,72000,24000,7500,128,43,0,2,13,0,3,67,16,367,5636,74,0,27,123,0,0,0,0,0,0,106,0,6950000000,219060000000,52619000000,6,6,0,5749,195,6104,123,6422,2046.2949538850764,0.03172646763443805,1390024811.0,41.0,40.0,Other,Non-NATO
Bolivia,12311974,40000,40000,0,64,0,0,15,19,0,0,33,0,54,890,0,106,0,67,0,0,0,0,0,0,50,0,550200000,119785000000,1800000000,200,0,3690,90568,97,1050,67,1214,98.60319718024095,0.004593229536252452,110052607.0,103.0,102.0,Other,Non-NATO
Bahrain,1566888,18400,110000,1500,132,24,0,3,40,0,0,80,34,150,2764,38,26,17,64,0,0,0,0,2,2,50,0,1597200000,85491000000,5118000000,3,4,0,4122,212,2995,64,3271,2087.577414595044,0.018682668351054497,319447155.5,75.0,74.0,Other,Non-NATO
Oman,3901992,42600,100000,10000,128,29,10,9,45,4,0,31,0,150,4084,24,140,0,22,0,0,0,0,0,5,12,0,8200000000,185960000000,17455000000,36,7,0,60230,159,4398,22,4579,1173.5031747886721,0.04409550440955044,1640015069.5,36.0,35.0,Other,Non-NATO
Kenya,58246378,50000,0,25000,156,17,0,21,31,2,0,85,2,188,4128,18,53,0,23,0,0,0,0,0,0,7,0,1307383850,314063000000,7342000000,370,4,3819,161452,241,4387,23,4651,79.8504586843151,0.004162807621400802,261494095.5,81.0,80.0,Other,Non-NATO
Chad,19093595,33250,0,5000,40,0,7,7,8,2,0,16,3,90,3316,10,10,20,0,0,0,0,0,0,0,0,0,381350000,32446000000,211591000,42,0,0,40000,56,3446,0,3502,183.41229087555277,0.01175337483819269,76281726.0,115.0,114.0,Other,Non-NATO
Yemen,32140443,66700,0,20000,84,27,12,2,15,0,0,30,7,0,550,0,15,10,33,0,0,0,0,0,1,12,1,810375000,67003300000,923361750,36,10,0,71300,114,575,33,722,22.463909411578427,0.012094553551839984,162095371.0,94.0,93.0,Other,Non-NATO
New Zealand,5161211,8670,3250,300,48,0,0,8,13,6,0,21,0,0,2114,0,31,0,8,0,0,0,0,2,0,4,0,3030000000,254770000000,15487000000,202,22,4128,94000,69,2145,8,2222,430.5191165406723,0.011893080032970915,606003712.0,61.0,60.0,Other,Non-NATO
Paraguay,7522549,15650,168500,15000,39,0,0,11,13,1,0,14,0,0,1108,0,25,0,72,0,0,0,0,0,0,63,0,17595000000,108022000000,9886000000,83,1,30,78811,53,1133,72,1258,167.23054911307324,0.16288348669715427,3519005324.0,24.0,23.0,Other,Non-NATO
Lithuania,2628186,23000,104000,14150,9,0,0,5,0,0,0,4,0,0,1263,21,54,0,14,0,0,0,0,0,0,7,4,2388900000,132712000000,6168000000,65,2,1911,84166,13,1338,14,1365,519.3696336560654,0.01800063294954488,477787582.5,66.0,65.0,Other,Non-NATO
Mozambique,33350954,11200,0,3000,22,8,0,4,1,1,0,8,2,30,872,0,52,6,33,0,0,0,0,0,0,33,0,412400000,50631000000,3515000000,92,11,4787,31083,30,960,33,1023,30.67378522365507,0.00814520748158243,82483871.5,110.0,109.0,Other,Non-NATO
Tunisia,12048847,89800,0,12000,154,10,0,11,28,4,0,101,0,90,7913,0,85,0,58,0,0,0,0,0,0,51,0,1400000000,153637000000,9240000000,14,16,2173,20000,255,8088,58,8401,697.245138891713,0.009112388291882814,280031140.5,79.0,78.0,Other,Non-NATO
Armenia,2976765,57500,210000,5000,71,4,15,3,13,0,0,36,20,109,1306,145,148,100,0,0,0,0,0,0,0,0,0,1700000000,57728000000,3607000000,11,0,686,7700,107,1808,0,1915,643.3158143152045,0.029448447893569846,340018207.5,74.0,73.0,Other,Non-NATO
Tanzania,67462121,27000,80000,6500,39,14,0,6,7,0,0,12,0,62,1072,0,0,0,12,0,0,0,0,0,0,10,0,1406745334,234050000000,5693050000,206,8,4097,145203,51,1134,12,1197,17.743290342146224,0.006010447912839137,281357765.3,78.0,77.0,Other,Non-NATO
Cameroon,30966105,40000,0,12500,35,0,0,6,6,2,0,21,0,0,430,18,52,20,51,0,0,0,0,0,0,51,0,554952283,138925000000,5754093000,37,7,987,77589,56,520,51,627,20.247945293733263,0.00399461783696239,111002770.10000001,102.0,101.0,Other,Non-NATO
Georgia,4900961,55000,152500,0,61,0,5,2,10,0,0,44,11,123,3392,67,121,42,19,0,0,0,0,0,0,31,4,495629055,83656000000,5002000000,19,3,1363,20295,105,3745,19,3869,789.4370104148962,0.005924608575595295,99144245.5,105.0,104.0,Other,Non-NATO
Cambodia,17063669,221000,0,10000,25,0,0,4,0,0,0,21,0,644,3627,30,430,463,20,0,0,0,0,0,0,20,0,860000000,85900000000,17801000000,13,2,642,47263,46,5194,20,5260,308.2572687034658,0.010011641443538999,172068930.0,92.0,91.0,Other,Non-NATO
Slovenia,2097893,7300,26000,5000,39,0,0,4,23,0,0,16,0,54,1428,0,18,0,2,0,0,0,0,0,0,2,0,886860000,102036000000,2370000000,42,2,1207,38985,55,1500,2,1557,742.1732185578578,0.00869163824532518,177374968.5,91.0,90.0,Other,Non-NATO
Ireland,5233461,7765,1700,0,22,0,0,4,8,2,0,8,0,0,1712,0,0,0,8,0,0,0,0,0,0,8,0,1500000000,608463000000,12905000000,100,21,1688,99830,30,1712,8,1750,334.3867471258504,0.002465227959629427,300003204.5,76.0,75.0,Other,Non-NATO
Mongolia,3281676,35000,135000,50000,7,0,0,3,2,0,0,2,0,420,2560,0,500,130,0,0,0,0,0,0,0,0,0,165110000,56264000000,4782000000,35,0,1815,113200,9,3610,0,3619,1102.790159662319,0.002934558509881985,33034309.5,135.0,134.0,Other,Non-NATO
Latvia,1801246,17250,36000,12500,7,0,0,0,0,0,0,7,0,0,1848,47,0,0,18,0,0,0,0,0,0,11,6,1138000000,71154000000,4957000000,56,5,2216,70244,14,1895,18,1927,1069.81500583485,0.015993478933018522,227606138.5,84.0,83.0,Other,Non-NATO
Uruguay,3425330,25000,0,5000,43,0,6,6,12,5,2,12,0,31,3042,6,70,4,14,0,0,0,0,0,0,2,2,772400000,105096000000,16257000000,64,8,1673,77732,55,3153,14,3222,940.639296067824,0.0073494709598842965,154489111.0,96.0,95.0,Other,Non-NATO
Honduras,9529188,52225,60000,23000,40,4,7,10,10,1,0,8,0,11,614,0,32,0,98,0,0,0,0,0,0,93,0,413635000,68854000000,7543000000,129,8,699,14742,48,657,98,803,84.26741082241215,0.006007421500566416,82743069.0,109.0,108.0,Other,Non-NATO
Ivory Coast,29981758,22000,0,5500,19,0,0,4,2,3,0,10,3,5,656,0,2,3,3,0,0,0,0,0,0,3,0,669600935,202758000000,7583484000,29,5,660,81996,29,666,3,698,23.280822959080652,0.0033024637005691516,133927136.0,99.0,98.0,Other,Non-NATO
Guatemala,18255216,106114,90000,35000,36,0,4,10,0,0,0,21,0,5,688,0,50,0,25,0,0,0,0,0,0,20,0,408635000,223183000000,21311000000,58,3,800,17440,57,743,25,825,45.1925630460905,0.001830941424750093,81759246.7,112.0,111.0,Other,Non-NATO
Mali,21990607,40000,0,4800,43,9,12,7,4,1,0,10,8,10,570,0,10,20,0,0,0,0,0,0,0,0,0,650386000,57235000000,647800000,30,0,593,139107,53,610,0,663,30.149235989711425,0.01136343146675985,130089531.5,100.0,99.0,Other,Non-NATO
Kyrgyzstan,6172101,23000,300000,55000,7,0,0,0,0,0,0,7,2,215,2686,30,169,21,0,0,0,0,0,0,0,0,0,221800000,45461000000,3237000000,28,0,424,34000,14,3121,0,3135,507.93076782120056,0.004878907195178285,44368467.5,130.0,129.0,Other,Non-NATO
Laos,7953556,100000,30000,120000,33,0,0,2,8,0,0,23,0,160,4380,40,87,64,36,0,0,0,0,0,0,36,0,135000000,64173000000,1770000000,18,0,422,39568,56,4731,36,4823,606.395428661092,0.002103688467112337,27032411.5,138.0,137.0,Other,Non-NATO
Estonia,1193791,7700,78800,10000,5,0,0,2,3,0,0,3,0,0,1685,36,0,0,8,0,0,0,0,0,0,4,4,1463360000,57377000000,2593000000,26,20,1441,58412,8,1721,8,1737,1455.0285602756262,0.025504296146539554,292675178.5,77.0,76.0,Other,Non-NATO
Tajikistan,10394063,9500,600000,20000,25,0,0,1,4,0,0,20,6,38,1240,3,13,20,0,0,0,0,0,0,0,0,0,446000000,46467000000,2748900000,19,0,680,30000,45,1314,0,1359,130.7477162684121,0.009598209481997978,89203529.5,108.0,107.0,Other,Non-NATO
Zambia,20799116,15150,0,1200,77,0,0,13,34,0,0,32,0,35,424,12,30,25,0,0,0,0,0,0,0,0,0,394240000,76493000000,2861000000,119,0,3126,67671,109,526,0,635,30.530143684952765,0.005153935654242872,78852862.5,113.0,112.0,Other,Non-NATO
Ghana,34589092,15500,0,0,19,0,0,2,5,2,0,10,0,0,1824,0,6,6,28,0,0,0,0,0,0,27,0,308500000,229639000000,3624000000,11,4,947,65725,29,1836,28,1893,54.72823628905899,0.0013434129220210853,61705596.5,122.0,121.0,Other,Non-NATO
Zimbabwe,17150352,29000,0,21800,95,13,0,14,40,0,0,28,6,15,828,0,0,0,0,0,0,0,0,0,0,0,0,530800000,58583000000,115530000,144,0,3427,97267,123,843,0,966,56.325374546248376,0.009060648993735383,106169183.0,104.0,103.0,Other,Non-NATO
North Macedonia,2135622,9000,60000,3500,20,0,0,0,10,0,0,10,4,20,1108,0,150,17,0,0,0,0,0,0,0,0,0,388421700,42444000000,5015000000,13,0,699,14182,30,1295,0,1325,620.4281469286232,0.00915139242295731,77687702.5,114.0,113.0,Other,Non-NATO
South Sudan,12703714,185000,0,0,20,0,0,5,0,0,0,15,6,30,1950,24,0,15,0,0,0,0,0,0,0,0,0,175300000,20010000000,183615000,82,0,248,90200,35,2019,0,2054,161.68500015034974,0.008760619690154922,35116527.0,133.0,132.0,Other,Non-NATO
Uganda,49283041,45000,0,10000,51,6,0,0,12,0,0,30,6,259,3862,6,26,12,0,0,0,0,0,0,0,0,0,985400000,135668000000,3506500000,39,0,1244,20544,81,4165,0,4246,86.15539775640063,0.007263319279417401,197095623.0,88.0,87.0,Other,Non-NATO
Lebanon,5364482,60000,35000,65000,80,0,9,0,9,0,0,68,0,116,4538,12,353,11,64,0,0,0,0,0,0,61,0,768250325,65818000000,26498095000,8,5,401,21705,148,5030,64,5242,977.1679726020145,0.011672343811723237,153670686.0,97.0,96.0,Other,Non-NATO
Namibia,2803660,13000,0,5000,34,11,0,3,14,0,0,7,2,4,2094,0,25,25,15,0,0,0,0,0,2,12,0,370500000,29944000000,2956000000,255,2,2628,48875,41,2148,15,2204,786.1152921538275,0.012373096446700508,74105002.0,116.0,115.0,Other,Non-NATO
Luxembourg,671254,1000,0,0,1,0,0,1,0,0,0,0,0,0,182,0,0,0,0,0,0,0,0,0,0,0,0,726092925,88533000000,2977000000,3,0,271,2875,1,182,0,183,272.6240737485363,0.008201381688184068,145218976.5,98.0,97.0,Other,Non-NATO
Afghanistan,40121552,0,0,80000,9,0,0,3,0,0,0,6,1,0,5202,0,0,0,0,0,0,0,0,0,0,0,0,290000000,54772700000,8852092000,67,0,0,34903,15,5202,0,5217,130.029865245492,0.005294608445448189,58002608.5,125.0,124.0,Other,Non-NATO
Niger,26342784,25000,0,5000,26,0,2,7,0,2,0,13,1,0,456,0,0,0,0,0,0,0,0,0,0,0,0,336400000,44561000000,1442772000,26,0,0,18949,39,456,0,495,18.790724625005467,0.007549202217185432,67287747.5,119.0,118.0,Other,Non-NATO
Eritrea,6343956,120000,130000,0,20,1,0,5,1,0,0,13,6,65,860,23,75,22,23,0,0,0,0,0,0,18,0,198000000,9702000000,225014976,10,2,306,16000,33,1045,23,1101,173.55101454045393,0.02040816326530612,39636550.5,132.0,131.0,Other,Non-NATO
Republic of the Congo,6097665,8500,0,2500,13,2,0,4,0,0,0,7,1,30,644,2,38,30,4,0,0,0,0,0,0,0,0,306400000,38163000000,715391000,56,5,510,23324,20,744,4,768,125.94985129553689,0.00802871891622776,61282934.0,123.0,122.0,Other,Non-NATO
Botswana,2450668,21000,0,0,45,11,0,9,9,0,0,16,0,45,1224,12,36,20,0,0,0,0,0,0,0,0,0,465600000,46742000000,4756000000,122,0,888,31747,61,1337,0,1398,570.4567081301914,0.009961062855675837,93126999.0,106.0,105.0,Other,Non-NATO
Mauritania,4328040,31540,66000,5000,24,0,4,7,7,2,0,4,0,25,628,0,75,0,6,0,0,0,0,0,0,6,0,261250000,30395000000,2629290500,25,2,728,12253,28,728,6,762,176.06121939723292,0.008595163678236551,52259843.0,127.0,126.0,Other,Non-NATO
Dominican Republic,10815857,50000,0,30000,79,0,8,11,17,1,0,50,0,5,540,0,11,0,34,0,0,0,0,0,0,14,0,810800000,261616000000,15547000000,32,17,496,19705,129,556,34,719,66.47647061162144,0.0030991988257598924,162175359.5,93.0,92.0,Other,Non-NATO
Senegal,18847519,17000,0,0,40,0,0,5,23,1,0,20,5,0,1740,0,20,6,4,0,0,0,0,0,0,4,0,465150000,77382000000,889295000,19,6,906,16665,60,1766,4,1830,97.095007571023,0.006011087849887571,93036015.0,107.0,106.0,Other,Non-NATO
Nepal,31122387,95000,0,15000,15,0,0,5,0,0,0,10,0,0,1108,0,14,0,0,0,0,0,0,0,0,0,0,409100000,144310000000,12456000000,51,0,59,27990,25,1122,0,1147,36.85449962433794,0.0028348693784214537,81849073.5,111.0,110.0,Other,Non-NATO
Montenegro,599849,2350,0,5500,11,0,0,0,0,0,0,11,0,0,471,0,12,12,14,0,0,0,0,0,0,2,0,148100000,17115000000,1574000000,5,4,250,7762,22,495,14,531,885.2227810665684,0.008653228162430616,29620970.5,136.0,135.0,Other,Non-NATO
El Salvador,6628702,25000,10000,15000,52,0,15,4,10,0,0,30,0,0,1844,0,76,0,14,0,0,0,0,0,0,10,0,334620000,71957000000,3799434000,27,3,13,9012,82,1920,14,2016,304.13194015962705,0.004650277248912545,66932508.0,120.0,119.0,Other,Non-NATO
Burkina Faso,23042199,12000,0,4500,25,0,3,2,0,2,0,18,5,0,491,0,8,9,0,0,0,0,0,0,0,0,0,81280000,57152000000,47138000,49,0,622,15304,43,508,0,551,23.91264826764147,0.0014221724524076148,16259875.5,142.0,141.0,Other,Non-NATO
Madagascar,29452714,13500,0,8100,5,0,0,0,0,0,0,5,0,6,158,0,9,0,6,0,0,0,0,0,0,4,0,112210000,51255000000,2632000000,91,13,836,31640,10,173,6,189,6.4170656734724005,0.002189249829284948,22446144.5,139.0,138.0,Other,Non-NATO
Nicaragua,6676948,45000,0,5500,17,0,0,5,1,0,0,11,0,89,1869,0,0,0,23,0,0,0,0,0,0,23,0,92000000,51088000000,5447000000,39,5,0,23897,28,1958,23,2009,300.8859736514347,0.001800814281240213,18414504.5,141.0,140.0,Other,Non-NATO
Bosnia and Herzegovina,3798671,12770,6000,0,22,0,0,0,0,0,0,22,0,45,720,0,457,79,0,0,0,0,0,0,0,0,0,216400000,63769000000,9205000000,13,1,965,22926,44,1301,0,1345,354.0712001644786,0.003393498408317521,43284503.5,131.0,130.0,Other,Non-NATO
Gabon,2455105,4800,0,2500,24,6,0,3,0,0,0,15,0,0,424,0,0,14,5,0,0,0,0,0,0,4,0,274820000,48201000000,1568196000,40,9,649,14300,39,438,5,482,196.32561540137795,0.005701541461795398,54965681.0,126.0,125.0,Other,Non-NATO
Moldova,3599528,8500,67000,2000,3,0,0,1,0,0,0,2,0,0,500,9,67,11,0,0,0,0,0,0,0,0,0,1710000000,38969000000,5453000000,11,0,1171,9352,5,587,0,592,164.4660077654626,0.04388103364212579,342002846.0,73.0,72.0,Other,Non-NATO
Iceland,364036,0,0,0,0,0,0,0,0,0,0,0,0,0,150,0,0,0,0,0,0,0,0,0,0,0,0,312400000,26155000000,5809000000,83,43,0,12898,0,150,0,150,412.0471601709721,0.011944178933282356,62480075.0,121.0,120.0,Other,Non-NATO
Panama,4470241,0,0,80000,38,0,0,13,0,2,0,23,0,0,262,0,0,0,30,0,0,0,0,0,0,27,0,917202000,159867000000,6757000000,76,12,77,11978,61,262,30,353,78.96665973937424,0.005737281615342754,183440576.5,90.0,89.0,Other,Non-NATO
Beliz,415789,1650,850,0,3,0,0,1,0,1,0,1,0,0,130,0,0,0,8,0,0,0,0,0,0,8,0,29538000,5257000000,473729000,27,2,0,3281,4,130,8,142,341.5193764144795,0.005618793988967092,5908166.0,144.0,143.0,Other,Non-NATO
Liberia,5437249,1500,0,5500,0,0,0,0,0,0,0,0,0,0,300,0,0,0,4,0,0,0,0,0,0,4,0,364800000,8884000000,599660000,99,4,429,10600,0,300,4,304,55.91062686295955,0.041062584421431784,72960602.0,117.0,116.0,Other,Non-NATO
Suriname,646758,2000,0,200,3,0,0,0,0,0,0,3,0,0,650,0,0,0,17,0,0,0,0,0,0,17,0,144000000,11824000000,1346000000,55,4,0,4304,6,650,17,673,1040.5746817202107,0.012178619756427604,28800936.5,137.0,136.0,Other,Non-NATO
Sierra Leone,9121049,13000,0,0,1,0,0,0,0,0,0,1,0,0,150,0,0,0,7,0,0,0,0,0,0,7,0,228600000,14633000000,495699000,8,3,0,11701,2,150,7,159,17.432205440404935,0.015622223740859701,45723979.5,129.0,128.0,Other,Non-NATO
Kosovo,1977093,10000,5000,500,0,0,0,0,0,0,0,0,0,0,737,0,0,0,0,0,0,0,0,0,0,0,0,260715150,23794000000,1245000000,4,0,437,2012,0,737,0,737,372.76951564746827,0.01095718038160881,52146398.5,128.0,127.0,Other,Non-NATO
Somalia,13017273,15000,0,2000,0,0,0,0,0,0,0,0,0,0,682,0,0,0,10,0,0,0,0,0,0,10,0,171002350,26351000000,16747500,38,6,0,15000,0,682,10,692,53.16013576729934,0.006489406474137604,34205316.0,134.0,133.0,Other,Non-NATO
Central African Republic,5650957,10000,0,1000,6,0,6,0,0,0,0,0,0,0,228,0,0,0,0,0,0,0,0,0,0,0,0,45990000,5849000000,374405000,43,0,0,24000,6,228,0,234,41.408915339472586,0.00786288254402462,9201117.0,143.0,142.0,Other,Non-NATO
Benin,14697052,4750,0,0,5,0,0,0,0,0,0,5,0,0,92,0,16,0,2,0,0,0,0,0,0,2,0,98350000,52510000000,698900000,10,1,438,16000,10,108,2,120,8.164902730152958,0.0018729765758903065,19671485.0,140.0,139.0,Other,Non-NATO
Bhutan,884546,7500,0,0,2,0,0,0,0,0,0,2,0,0,84,0,0,0,0,0,0,0,0,0,0,0,0,14000000,10981000000,976260000,4,0,0,12205,4,84,0,88,99.48606403737058,0.0012749294235497677,2802294.0,145.0,144.0,Other,Non-NATO
